term,hazard_ratio,conf_low,conf_high,p_value
stageSTAGE IV,4.996422915173153,3.1543991199072017,7.914103763762719,7.103413184797533e-12
age,1.0354478042419073,1.0197170276070486,1.0514212534288918,8.205975029221762e-6
stageSTAGE III,2.2495881701005485,1.4311977561020082,3.535952256408959,4.4185480430023773e-4
gradeG4,2.2123825447308185,1.387647272420326,3.5272915686220587,8.48379368295869e-4
gradeG3,1.3473941963112126,0.8899445385611896,2.039982315289317,0.1588363398084445
stageSTAGE II,1.4155022449798587,0.7113077870303733,2.816848967600945,0.32231348840214663
sexMale,0.9281472103341506,0.6579289566423615,1.3093469064614203,0.6710382077573288
