term,hazard_ratio,conf_low,conf_high,p_value
stage.L,3.1929766641977637,2.2604040914983368,4.510299736430547,4.46591347003088e-11
age,1.0341851943954699,1.0186373205330832,1.0499703817518429,1.3658992473799496e-5
stage.Q,1.2573686578052898,0.85022062714287,1.859489044559973,0.25129430235837186
sexMale,0.9076626489508944,0.6446198352074033,1.2780424046918823,0.5789705711348597
stage.C,1.0367867341643204,0.6556792043190665,1.6394095238317745,0.877191376184027
grade.L,70265.87611576683,0,Inf,0.9943123525930628
grade.C,33.627459641407796,0,Inf,0.9946252756786069
grade.Q,4.924750006933004e-4,0,Inf,0.9947924380028228
