term,hazard_ratio,conf_low,conf_high,p_value
stageSTAGE IV,4.824653211422841,3.050982711469287,7.6294364183017285,1.6895229813937338e-11
age,1.0341851943954699,1.0186376040705432,1.0499700894929138,1.3658992473799633e-5
stageSTAGE III,2.210483236638383,1.410294142185599,3.4646929270278837,5.415303451003315e-4
stageSTAGE II,1.3805546894155498,0.6942042793021658,2.745490495079002,0.35788961270623704
sexMale,0.9076626489508935,0.6446238887356721,1.2780343680970425,0.5789705711348557
gradeG4,15323162.483223308,0,Inf,0.9943436438670373
gradeG3,9118376.462985964,0,Inf,0.9945211017822877
gradeG2,6928871.692475934,0,Inf,0.9946149787551222
