term,hazard_ratio,conf_low,conf_high,p_value
stageSTAGE IV,4.98212619791218,3.1451343648580776,7.892057563347673,7.797608079637597e-12
tbl_score,1.011094587585553,1.006778498317706,1.01542918005604,4.3005569866230934e-7
age,1.0393150604025823,1.023811592010426,1.0550532961426202,4.935288458138748e-7
stageSTAGE III,2.1415050352046276,1.3597757906349097,3.3726470550453365,0.0010156958028887464
gradeG4,1.9537000214894464,1.2247768956298684,3.116440053357568,0.004938956237994056
stageSTAGE II,1.4011006364759582,0.708390472020599,2.771187743299082,0.33244398111997686
gradeG3,1.2221063547882403,0.8045185653918016,1.8564443465471088,0.3470708178997006
