model,cv_concordance,conf_low,conf_high,incremental_vs_clinical
RNA_DataDriven,0.7892387001749057,0.7565115320912573,0.8219658682585541,0.02140292736813043
RPPA,0.7835082389763417,0.7474308030917794,0.819585674860904,0.015672466169566412
Integrated,0.7742796649176102,0.7375094757704705,0.8110498540647499,0.006443892110834959
RNA_Path,0.7721393721807972,0.7365933135698293,0.8076854307917651,0.004303599374021916
Clinical,0.7678357728067753,0.7312158361853618,0.8044557094281888,0
CNA,0.7672374113964835,0.7303635412440621,0.8041112815489049,-5.983614102917922e-4
