model,cv_concordance,conf_low,conf_high,incremental_vs_clinical
RNA_Path,0.7563192628564313,0.7060515215116159,0.8065870042012466,0.005447640393475228
CNA,0.7554787697671523,0.702101926677226,0.8088556128570786,0.004607147304196313
Integrated,0.7512763043207571,0.6981945592733183,0.8043580493681959,4.0468185780107024e-4
Clinical,0.750871622462956,0.6972473455471433,0.8044958993787688,0
RPPA,0.750155646868385,0.6927323581767735,0.8075789355599965,-7.159755945710389e-4
Mutations,0.7421553978333956,0.6881883057634128,0.7961224899033783,-0.008716224629560454
