model,cv_concordance,conf_low,conf_high,incremental_vs_clinical
RNA_DataDriven,0.7788569293985805,0.7323383725012381,0.8253754862959229,0.021821690947578132
CNA,0.7625762669655087,0.7102636648485776,0.8148888690824398,0.00554102851450633
RNA_Path,0.7605528576765035,0.7113525862977756,0.8097531290552313,0.0035176192255010896
Clinical,0.7570352384510024,0.7047416146330918,0.809328862268913,0
RPPA,0.7568795915826174,0.6995438523127884,0.8142153308524465,-1.5564686838498432e-4
Integrated,0.7530818079940231,0.7004094982332282,0.8057541177548181,-0.003953430456979268
Mutations,0.7486303075582119,0.6964560463050306,0.8008045688113933,-0.008404930892790485
