feature,coefficient
stageSTAGE IV,0.5366471821187566
gradeG4,0.11867117282075292
