model,n,events,predictors,c_index,c_index_se,partial_aic
integrated,450,157,19,0.8228904642122112,0.015290769169385644,1571.8935175250795
clinical_only,450,157,4,0.7785273267779557,0.01817049818508417,1610.5026523678293
lasso_integrated,450,157,23,0.7665675737479991,0.02002267973899178,NA
rppa_only,454,158,10,0.7421774684057579,0.02109505496631293,1644.384412400831
mutation_only,454,158,5,0.5887905206010227,0.02066667074887953,1739.3308332808506
