model,n_coef,log_lik,aic,c_index,c_conf_low,c_conf_high,wald_p_value,lrt_p_value_vs_clinical
integrated,26,-756.6568605771013,1565.3137211542025,0.8225245826663617,0.7906498587641084,0.8543993065686151,1.743824750209861e-27,NA
rppa,18,-766.022040183024,1568.044080366048,0.8076606448662246,0.7742945700532264,0.8410267196792227,5.451477491320121e-27,NA
rna,11,-777.7777020868891,1577.5554041737782,0.7974388291790533,0.7648623998352645,0.8300152585228421,6.208464807092615e-29,NA
mutation,13,-792.2226995430976,1610.4453990861953,0.7839698147724674,0.7485842818133261,0.8193553477316087,5.705477574723181e-21,NA
clinical,8,-797.2513261839147,1610.5026523678293,0.7785273267779557,0.7429131503351907,0.8141415032207207,8.200392003934179e-22,NA
