model,n,events,predictors,c_index,c_index_se,partial_aic
integrated,451,158,19,0.8114021152013072,0.01681848414346085,1584.0226858421863
clinical_only,451,158,4,0.7784258544777813,0.01813074545877379,1621.7541969338304
rppa_only,455,159,10,0.7435326998323085,0.021183701218228875,1643.5943916286574
lasso_integrated,451,158,23,0.6578117198493032,0.01979694028544986,NA
mutation_only,455,159,5,0.5880827277808831,0.02065140366173051,1750.9803878198124
