model,n,events,predictors,c_index,c_index_se,partial_aic
integrated,451,158,23,0.815283010303663,0.016305236275673866,1584.2153779307876
clinical_only,451,158,4,0.7784258544777813,0.01813074545877379,1621.7541969338304
rppa_only,455,159,10,0.7435326998323085,0.021183701218228875,1643.5943916286574
lasso_integrated,451,158,27,0.6578117198493032,0.01979694028544986,NA
mutation_only,455,159,9,0.5836556735606484,0.02038476061691155,1757.8060982422792
