model,n,events,predictors,c_index,c_index_se,partial_aic
integrated,451,158,23,0.815283010303663,0.016305236275673866,1584.2153779307882
clinical_only,451,158,4,0.7784258544777813,0.01813074545877379,1621.7541969338315
rppa_only,455,159,10,0.7435326998323085,0.021183701218228875,1643.5943916286574
mutation_only,455,159,9,0.5836556735606484,0.02038476061691155,1757.8060982422792
lasso_integrated,451,158,27,0.2624824111479279,0.019229143157864746,NA
