model,c_index,c_conf_low,c_conf_high,aic
clinical,0.2424044328228116,0.19118787383681524,0.29362099180880796,NA
rppa,0.4511268833271075,0.41228296125792363,0.48997080539629134,NA
rna,0.23154028140953803,0.1827108604618612,0.28036970235721487,NA
mutation,0.2649109699912838,0.2113439847012663,0.31847795528130124,NA
cna,0.27166604407919315,0.21893098315498824,0.3244011050033981,NA
integrated,0.43624704270950065,0.39627134525794766,0.47622274016105365,NA
