model,c_index,c_conf_low,c_conf_high
clinical,0.27360949180440297,0.2183572135476029,0.32886177006120304
rppa,0.48412317399355326,0.4322165927692128,0.5360297552178938
rna,0.24641656950826418,0.19643078425492705,0.2964023547616013
mutation,0.2790617927439819,0.2241194568478223,0.3340041286401415
cna,0.2730608325903573,0.21700740186383513,0.32911426331687943
integrated,0.4377271792058158,0.39361282861414265,0.4818415297974889
