pathway,n_present,n_total,pct_coverage
ecm_deg,1819,2024,89.87154150197628
ptk,720,779,92.42618741976894
neutrophil_deg,13,13,100
