feature,coefficient
ERRFI1_MIG_6,-0.3264462846694127
PEA15_PEA15,0.21293911515621966
MAPK1_MAPK3_MAPK_pT202_Y204,-0.20221888691354575
CDKN1A_p21,0.2016914913693942
ERBB3_HER3_pY1298,-0.14938274094171827
SERPINE1_PAI_1,0.10455164962212157
ACACA_ACC1,0.08777132485452739
AR_AR,-0.07733463440226249
IGFBP2_IGFBP2,0.062834312733307
RPS6KA1_p90RSK,-0.060825090277381824
